-- =====================================================
-- EXTRA SEED DATA: Pharmacies (El Tarf, Annaba + others)
-- Labs, Donations, 69 Wilayas
-- Run AFTER seed.sql inside shifaa_dizad database
-- =====================================================

-- ──────────────────────────────────────────────────
-- EXTRA PHARMACIES — El Tarf (20+)
-- ──────────────────────────────────────────────────
INSERT IGNORE INTO pharmacies
  (id, owner_user_id, name, address, wilaya, city, phone, email, description, rating, review_count, is_open, opening_hours, plan, is_verified, latitude, longitude)
VALUES
  (10, 3, 'صيدلية الياسمين',      'شارع الأمير عبد القادر', 'الطارف',   'الطارف',       '038730001', 'yasmeen@pharmacy.dz',  'صيدلية شاملة وسط المدينة', 4.7, 95,  1, '08:00 - 22:00', 'professional', 1, 36.7667, 8.3167),
  (11, 3, 'صيدلية الفجر',         'حي الفجر الجديد',        'الطارف',   'الطارف',       '038730002', 'fajr@pharmacy.dz',     'صيدلية 24 ساعة',           4.5, 62,  1, '24/7',          'professional', 1, 36.7654, 8.3180),
  (12, 3, 'صيدلية الرجاء',        'طريق عنابة',             'الطارف',   'الطارف',       '038730003', 'raja@pharmacy.dz',     'صيدلية الحي الجنوبي',      4.3, 40,  1, '08:00 - 21:00', 'free',         1, 36.7625, 8.3142),
  (13, 3, 'صيدلية الوداد',        'شارع الشهداء',           'الطارف',   'بن مهيدي',     '038740001', 'widad@pharmacy.dz',    'خدمة ممتازة وأسعار معقولة',4.6, 78,  1, '08:00 - 22:00', 'professional', 1, 36.7980, 8.4710),
  (14, 3, 'صيدلية الصداقة',       'حي الصداقة بن مهيدي',   'الطارف',   'بن مهيدي',     '038740002', 'sadaqa@pharmacy.dz',   'صيدلية متكاملة',           4.4, 55,  1, '08:00 - 21:00', 'free',         1, 36.7965, 8.4725),
  (15, 3, 'صيدلية بوحجر',         'مركز قرودة',             'الطارف',   'قرودة',        '038750001', 'bouhjar@pharmacy.dz',  'أدوية وشبه صيدلانيات',     4.2, 35,  0, '08:00 - 20:00', 'free',         1, 36.6920, 8.5430),
  (16, 3, 'صيدلية الأمل الطارفية','طريق الحدود',            'الطارف',   'الكالة',       '038760001', 'amel.tarf@pharmacy.dz','صيدلية المنطقة الشرقية',   4.5, 68,  1, '08:00 - 22:00', 'professional', 1, 36.6520, 8.4470),
  (17, 3, 'صيدلية الشروق',        'حي الشروق',              'الطارف',   'الكالة',       '038760002', 'chorouk@pharmacy.dz',  'أدوية وعناية بالبشرة',     4.3, 42,  1, '09:00 - 21:00', 'free',         1, 36.6545, 8.4485),
  (18, 3, 'صيدلية سيدي سالم',     'قرب المستشفى',           'الطارف',   'حمام بني صالح','038770001', 'sidesalem@pharmacy.dz','قريبة من المستشفى',        4.7, 112, 1, '24/7',          'enterprise',   1, 36.7200, 8.2890),
  (19, 3, 'صيدلية الإخوة',        'شارع الإخوة',            'الطارف',   'بسباس',        '038780001', 'ikhwa@pharmacy.dz',    'خدمة عائلية ممتازة',       4.4, 50,  1, '08:00 - 21:00', 'free',         1, 36.7895, 8.3560),
  (20, 3, 'صيدلية النجاح',        'حي النجاح',              'الطارف',   'الطارف',       '038730010', 'najah@pharmacy.dz',    'أجهزة وأدوية متنوعة',      4.6, 83,  1, '08:00 - 22:00', 'professional', 1, 36.7670, 8.3175),
  (21, 3, 'صيدلية الشفاء الطارف', 'شارع الجيش',             'الطارف',   'الطارف',       '038730011', 'shifa.tarf@pharmacy.dz','تخصص أمراض مزمنة',        4.8, 140, 1, '08:00 - 22:00', 'enterprise',   1, 36.7660, 8.3188),
  (22, 3, 'صيدلية الربيع',        'شارع الاستقلال',         'الطارف',   'درقنطة',       '038790001', 'rabia@pharmacy.dz',    'أدوية متنوعة',             4.1, 28,  1, '08:30 - 20:30', 'free',         1, 36.6735, 8.2210),
  (23, 3, 'صيدلية الحرية',        'حي الحرية',              'الطارف',   'الطارف',       '038730012', 'houriya@pharmacy.dz',  'توصيل للمنازل',            4.5, 76,  1, '08:00 - 22:00', 'professional', 1, 36.7680, 8.3200),
  (24, 3, 'صيدلية الورود',        'قرب الملعب',             'الطارف',   'بوحجر',        '038795001', 'wouroud@pharmacy.dz',  'شبه صيدلانيات وتجميل',    4.3, 47,  0, '08:00 - 20:00', 'free',         1, 36.6240, 8.3450),
  (25, 3, 'صيدلية المستقبل',      'حي المستقبل',            'الطارف',   'عين العسل',    '038796001', 'mustakbal@pharmacy.dz','خدمة الحي الشمالي',        4.4, 58,  1, '08:00 - 21:00', 'free',         1, 36.8120, 8.3780),
  (26, 3, 'صيدلية التوفيق',       'المنطقة الصناعية',       'الطارف',   'الطارف',       '038730015', 'tawfiq@pharmacy.dz',   'خدمة العمال والمهندسين',   4.5, 65,  1, '07:00 - 22:00', 'professional', 1, 36.7590, 8.3040),
  (27, 3, 'صيدلية بن خيرة',       'طريق الزيتون',           'الطارف',   'الشط',         '038798001', 'benkheira@pharmacy.dz','أدوية وعشبيات',            4.2, 33,  1, '08:00 - 20:00', 'free',         1, 36.6380, 8.4950),
  (28, 3, 'صيدلية الغزالة',       'شارع الغزالة',           'الطارف',   'عين الأسل',    '038799001', 'gazala@pharmacy.dz',   'خدمة شاملة',               4.3, 44,  1, '08:00 - 21:00', 'free',         1, 36.7540, 8.5120),
  (29, 3, 'صيدلية سحر الشرق',     'حي الشرق',               'الطارف',   'الطارف',       '038730016', 'sahrcharq@pharmacy.dz','أدوية وأجهزة طبية',        4.6, 89,  1, '08:00 - 22:00', 'professional', 1, 36.7700, 8.3250),
  (30, 3, 'صيدلية المروج',        'حي المروج الجديد',       'الطارف',   'عين الطبة',    '038797001', 'mourouj@pharmacy.dz',  'صيدلية الضاحية',           4.4, 52,  1, '08:00 - 21:00', 'free',         1, 36.6920, 8.5500),

-- ──────────────────────────────────────────────────
-- EXTRA PHARMACIES — Annaba (20+)
-- ──────────────────────────────────────────────────
  (31, 3, 'صيدلية الوئام',         'شارع العربي بن مهيدي',  'عنابة',    'عنابة',        '038810001', 'wiam@pharmacy.dz',     'صيدلية مركز المدينة',      4.8, 210, 1, '08:00 - 22:00', 'enterprise',   1, 36.9000, 7.7625),
  (32, 3, 'صيدلية المدينة الجديدة','حي المدينة الجديدة',    'عنابة',    'عنابة',        '038810002', 'medina.jdida@pharmacy.dz','أحدث الأدوية',           4.7, 185, 1, '24/7',          'enterprise',   1, 36.9100, 7.7500),
  (33, 3, 'صيدلية ابن سينا عنابة', 'طريق قالمة',            'عنابة',    'عنابة',        '038810003', 'ibnsina.annaba@pharmacy.dz','تخصص هرمونات وأمراض مزمنة',4.9,310,1, '08:00 - 23:00', 'enterprise',   1, 36.8960, 7.7780),
  (34, 3, 'صيدلية الربوة',         'حي الربوة',              'عنابة',    'عنابة',        '038810004', 'rabwa@pharmacy.dz',    'أدوية للأطفال والكبار',    4.5, 130, 1, '08:00 - 22:00', 'professional', 1, 36.8870, 7.7650),
  (35, 3, 'صيدلية سيدي بلعباس',   'حي سيدي بلعباس',        'عنابة',    'عنابة',        '038810005', 'sidi.belabbes@pharmacy.dz','خدمة 24 ساعة',          4.6, 160, 1, '24/7',          'professional', 1, 36.8820, 7.7420),
  (36, 3, 'صيدلية النجمة الذهبية', 'شارع بوقادوم',           'عنابة',    'عنابة',        '038810006', 'najma.dahbia@pharmacy.dz','نجمة ذهبية في الخدمة',  4.7, 220, 1, '08:00 - 22:00', 'enterprise',   1, 36.9150, 7.7700),
  (37, 3, 'صيدلية المنشأة',        'حي المنشأة الجديدة',    'عنابة',    'عنابة',        '038810007', 'mancha@pharmacy.dz',   'أدوية وتجميل ومستلزمات',  4.4, 95,  1, '08:00 - 21:00', 'professional', 1, 36.9200, 7.7600),
  (38, 3, 'صيدلية الغزل',          'قرب سوق الغزل',          'عنابة',    'عنابة',        '038810008', 'ghazal@pharmacy.dz',   'موقع مميز قرب السوق',     4.3, 78,  1, '08:00 - 21:00', 'free',         1, 36.8950, 7.7580),
  (39, 3, 'صيدلية القدس',          'شارع القدس',             'عنابة',    'الحجار',       '038820001', 'quds.annaba@pharmacy.dz','خدمة الحي الصناعي',      4.5, 110, 1, '07:30 - 22:00', 'professional', 1, 36.8600, 7.6970),
  (40, 3, 'صيدلية عين الطبي',      'حي عين الطبي',           'عنابة',    'عنابة',        '038810009', 'aintabi@pharmacy.dz',  'قريبة من العيادات الطبية', 4.6, 145, 1, '08:00 - 22:00', 'professional', 1, 36.9050, 7.7450),
  (41, 3, 'صيدلية النخيل',         'شارع النخيل بعنابة',    'عنابة',    'عنابة',        '038810010', 'nakhil.annaba@pharmacy.dz','مستلزمات طبية متكاملة',  4.8, 280, 1, '08:00 - 23:00', 'enterprise',   1, 36.9080, 7.7520),
  (42, 3, 'صيدلية الضياء',         'حي ضياء المدينة',        'عنابة',    'البوني',       '038830001', 'diyaa@pharmacy.dz',    'أدوية وعطور طبية',        4.4, 68,  1, '08:00 - 21:00', 'free',         1, 36.9330, 7.7850),
  (43, 3, 'صيدلية الحنان',         'طريق الحنان',            'عنابة',    'عنابة',        '038810011', 'hanan.annaba@pharmacy.dz','صيدلية عائلية',          4.5, 102, 1, '08:00 - 22:00', 'professional', 1, 36.8980, 7.7700),
  (44, 3, 'صيدلية سيليكا',         'حي سيليكا',              'عنابة',    'سيليكا',       '038835001', 'cilica@pharmacy.dz',   'خدمة السكان الشرقيين',    4.3, 58,  1, '08:00 - 21:00', 'free',         1, 36.9280, 7.8100),
  (45, 3, 'صيدلية قطب المعرفة',    'الحي الجامعي',           'عنابة',    'عنابة',        '038810012', 'kotb.marefat@pharmacy.dz','تخصص للطلاب والشباب',   4.6, 175, 1, '08:00 - 22:00', 'professional', 1, 36.8800, 7.7350),
  (46, 3, 'صيدلية الهلال الأحمر',  'شارع الهلال الأحمر',    'عنابة',    'عنابة',        '038810013', 'hilal.ahmar@pharmacy.dz','اختصاص طوارئ',           4.9, 350, 1, '24/7',          'enterprise',   1, 36.9010, 7.7600),
  (47, 3, 'صيدلية الإشراق',        'حي الإشراق الجديد',     'عنابة',    'عنابة',        '038810014', 'ichraq.annaba@pharmacy.dz','شبه صيدلانيات وتجميل',  4.4, 88,  1, '08:00 - 21:00', 'free',         1, 36.9120, 7.7680),
  (48, 3, 'صيدلية أبو بكر',        'حي أبو بكر الصديق',     'عنابة',    'عنابة',        '038810015', 'aboubakr@pharmacy.dz', 'أدوية وأعشاب طبية',       4.5, 120, 1, '08:00 - 22:00', 'professional', 1, 36.8920, 7.7540),
  (49, 3, 'صيدلية طريق السلام',    'طريق السلام',            'عنابة',    'برحال',        '038840001', 'siksalm@pharmacy.dz',  'خدمة الضاحية الغربية',    4.2, 45,  1, '08:00 - 20:00', 'free',         1, 36.8720, 7.7100),
  (50, 3, 'صيدلية الجزائر الكبرى', 'حي الاستقلال',          'عنابة',    'عنابة',        '038810016', 'grand.algerie@pharmacy.dz','تشكيلة واسعة',          4.7, 195, 1, '08:00 - 22:00', 'enterprise',   1, 36.9060, 7.7480),

-- ──────────────────────────────────────────────────
-- EXTRA PHARMACIES — Guelma, Souk Ahras, Skikda
-- ──────────────────────────────────────────────────
  (51, 3, 'صيدلية الفردوس',        'حي الفردوس',             'قالمة',    'قالمة',        '037200001', 'firdaous.guelma@pharmacy.dz','أدوية متنوعة',      4.4, 72,  1, '08:00 - 21:00', 'professional', 1, 36.4620, 7.4330),
  (52, 3, 'صيدلية النور الشرقية',  'شارع النور',             'سوق أهراس','سوق أهراس',   '037800001', 'nour.souk@pharmacy.dz','خدمة ممتازة',            4.5, 88,  1, '08:00 - 22:00', 'professional', 1, 36.2840, 7.9550),
  (53, 3, 'صيدلية سكيكدة المركزية','المركز التجاري',         'سكيكدة',   'سكيكدة',       '038740010', 'skikda.central@pharmacy.dz','مركز المدينة',       4.6, 145, 1, '08:00 - 22:00', 'enterprise',   1, 36.8780, 6.9060)
ON DUPLICATE KEY UPDATE name = VALUES(name);

-- ──────────────────────────────────────────────────
-- EXTRA LABS — El Tarf (20+)
-- ──────────────────────────────────────────────────
INSERT IGNORE INTO labs
  (id, owner_user_id, name, name_ar, address, wilaya, city, phone, email, maps_link, opening_hours, is_open, rating, review_count)
VALUES
  (10, 5, 'Laboratoire El Tarf',           'مخبر الطارف',                  'شارع الأمير عبد القادر', 'الطارف', 'الطارف',        '038730100', 'lab.eltarf@lab.dz',    'https://maps.google.com', '07:00 - 17:00', 1, 4.7, 88),
  (11, 5, 'Laboratoire Fajr',              'مخبر الفجر',                   'حي الفجر',               'الطارف', 'الطارف',        '038730101', 'fajr@lab.dz',          'https://maps.google.com', '06:30 - 16:30', 1, 4.5, 62),
  (12, 5, 'Laboratoire Ben Mehidi',        'مخبر بن مهيدي',                'طريق الحدود',            'الطارف', 'بن مهيدي',      '038740100', 'benmehidi@lab.dz',     'https://maps.google.com', '07:00 - 17:00', 1, 4.6, 75),
  (13, 5, 'Laboratoire El Kala',           'مخبر الكالة',                  'شارع البحر',             'الطارف', 'الكالة',        '038760100', 'elkala@lab.dz',        'https://maps.google.com', '07:00 - 17:00', 1, 4.8, 120),
  (14, 5, 'Laboratoire Central Est',       'مخبر الشرق المركزي',           'قرب المستشفى',           'الطارف', 'الطارف',        '038730102', 'central.est@lab.dz',   'https://maps.google.com', '06:00 - 18:00', 1, 4.9, 180),
  (15, 5, 'Laboratoire Chihab',            'مخبر الشهاب',                  'حي الشهاب',              'الطارف', 'الطارف',        '038730103', 'chihab@lab.dz',        'https://maps.google.com', '07:00 - 16:00', 1, 4.4, 55),
  (16, 5, 'Laboratoire Ibn Rochd',         'مخبر ابن رشد',                 'حي الاستقلال',           'الطارف', 'الكالة',        '038760101', 'ibn.rochd@lab.dz',     'https://maps.google.com', '07:00 - 17:00', 1, 4.6, 90),
  (17, 5, 'Laboratoire Hammam Bni Salah',  'مخبر حمام بني صالح',          'قرب الحمام المعدني',     'الطارف', 'حمام بني صالح', '038770100', 'hammam.lab@lab.dz',    'https://maps.google.com', '07:00 - 16:00', 1, 4.7, 110),
  (18, 5, 'Laboratoire Bouhjar',           'مخبر بوحجر',                   'قرودة',                  'الطارف', 'قرودة',         '038750100', 'bouhjar.lab@lab.dz',   'https://maps.google.com', '07:30 - 15:30', 0, 4.2, 38),
  (19, 5, 'Laboratoire Besbes',            'مخبر بسباس',                   'حي بسباس',               'الطارف', 'بسباس',         '038780100', 'besbes@lab.dz',        'https://maps.google.com', '07:00 - 17:00', 1, 4.5, 68),
  (20, 5, 'Laboratoire Oasis',             'مخبر الواحة',                  'طريق الساحل',            'الطارف', 'عين الطبة',     '038797100', 'oasis.lab@lab.dz',     'https://maps.google.com', '07:00 - 16:00', 1, 4.4, 58),
  (21, 5, 'Laboratoire Zouagha',           'مخبر زواغة',                   'منطقة زواغة',            'الطارف', 'الشط',          '038798100', 'zouagha@lab.dz',       'https://maps.google.com', '07:00 - 15:00', 1, 4.3, 42),
  (22, 5, 'Laboratoire El Horria',         'مخبر الحرية',                  'حي الحرية الطارف',       'الطارف', 'الطارف',        '038730104', 'horria.lab@lab.dz',    'https://maps.google.com', '07:00 - 17:00', 1, 4.6, 82),
  (23, 5, 'Laboratoire Ain El Assel',      'مخبر عين الأسل',               'مركز عين الأسل',         'الطارف', 'عين الأسل',     '038799100', 'ain.assel@lab.dz',     'https://maps.google.com', '07:30 - 16:30', 1, 4.5, 70),
  (24, 5, 'Laboratoire Drean',             'مخبر الدريعة',                 'وسط الدريعة',            'الطارف', 'الدريعة',       '038795100', 'drean@lab.dz',         'https://maps.google.com', '07:00 - 17:00', 1, 4.7, 95),
  (25, 5, 'Laboratoire Al Baraka',         'مخبر البركة',                  'حي البركة',              'الطارف', 'بن مهيدي',      '038740101', 'baraka.lab@lab.dz',    'https://maps.google.com', '07:00 - 16:00', 1, 4.4, 60),
  (26, 5, 'Laboratoire Bouhadjar',         'مخبر بوحجار',                  'مركز بوحجار',            'الطارف', 'بوحجار',        '038796100', 'bouhadjar@lab.dz',     'https://maps.google.com', '08:00 - 16:00', 1, 4.3, 45),
  (27, 5, 'Laboratoire El Tarf Est',       'مخبر الطارف الشرقي',           'الطرف الشرقي',           'الطارف', 'الطارف',        '038730105', 'eltarf.est@lab.dz',    'https://maps.google.com', '07:00 - 17:00', 1, 4.5, 75),
  (28, 5, 'Laboratoire Rahmet Allah',      'مخبر رحمة الله',               'شارع الشهداء',           'الطارف', 'بن مهيدي',      '038740102', 'rahmet.allah@lab.dz',  'https://maps.google.com', '06:30 - 16:00', 1, 4.6, 88),
  (29, 5, 'Laboratoire Saada',             'مخبر السعادة',                 'حي السعادة',             'الطارف', 'الطارف',        '038730106', 'saada.lab@lab.dz',     'https://maps.google.com', '07:00 - 17:00', 1, 4.7, 102),

-- ──────────────────────────────────────────────────
-- EXTRA LABS — Annaba (20+)
-- ──────────────────────────────────────────────────
  (30, 5, 'Laboratoire Annaba Central',    'مخبر عنابة المركزي',           'شارع العربي بن مهيدي',  'عنابة',  'عنابة',         '038810100', 'central.annaba@lab.dz','https://maps.google.com', '06:00 - 18:00', 1, 4.8, 320),
  (31, 5, 'Laboratoire Ibn Sina Annaba',   'مخبر ابن سينا عنابة',          'طريق قالمة',            'عنابة',  'عنابة',         '038810101', 'ibnsina.lab@lab.dz',   'https://maps.google.com', '07:00 - 17:00', 1, 4.9, 410),
  (32, 5, 'Laboratoire Seybouse',          'مخبر سيبوس',                   'حي سيبوس',              'عنابة',  'عنابة',         '038810102', 'seybouse@lab.dz',      'https://maps.google.com', '06:30 - 17:30', 1, 4.7, 195),
  (33, 5, 'Laboratoire Sidi Brahim',       'مخبر سيدي إبراهيم',            'حي سيدي إبراهيم',       'عنابة',  'عنابة',         '038810103', 'sidi.brahim@lab.dz',   'https://maps.google.com', '07:00 - 16:00', 1, 4.5, 130),
  (34, 5, 'Laboratoire El Bouni',          'مخبر البوني',                   'البوني',                'عنابة',  'البوني',        '038830100', 'elbounilabs@lab.dz',   'https://maps.google.com', '07:00 - 17:00', 1, 4.6, 155),
  (35, 5, 'Laboratoire El Hadjar',         'مخبر الحجار',                   'المنطقة الصناعية',      'عنابة',  'الحجار',        '038820100', 'elhadjar@lab.dz',      'https://maps.google.com', '06:00 - 17:00', 1, 4.4, 88),
  (36, 5, 'Laboratoire Medicament Plus',   'مخبر الدواء بلاس',             'شارع بوقادوم',          'عنابة',  'عنابة',         '038810104', 'medplus.annaba@lab.dz','https://maps.google.com', '07:00 - 18:00', 1, 4.8, 265),
  (37, 5, 'Laboratoire Ain Tabi',          'مخبر عين الطبي',                'حي عين الطبي',          'عنابة',  'عنابة',         '038810105', 'ain.tabi@lab.dz',      'https://maps.google.com', '07:00 - 16:00', 1, 4.6, 140),
  (38, 5, 'Laboratoire Bekhechi',          'مخبر بخشي',                     'حي بخشي',               'عنابة',  'عنابة',         '038810106', 'bekhechi@lab.dz',      'https://maps.google.com', '07:00 - 17:00', 1, 4.5, 115),
  (39, 5, 'Laboratoire El Farouk',         'مخبر الفاروق',                  'شارع الفاروق',          'عنابة',  'عنابة',         '038810107', 'elfarouk@lab.dz',      'https://maps.google.com', '06:30 - 17:30', 1, 4.7, 180),
  (40, 5, 'Laboratoire Sheraton',          'مخبر شيراتون',                  'قرب الشيراتون',         'عنابة',  'عنابة',         '038810108', 'sheraton.lab@lab.dz',  'https://maps.google.com', '07:00 - 19:00', 1, 4.6, 210),
  (41, 5, 'Laboratoire Cité des Sports',   'مخبر مدينة الرياضة',            'المدينة الرياضية',      'عنابة',  'عنابة',         '038810109', 'sports.lab@lab.dz',    'https://maps.google.com', '07:00 - 17:00', 1, 4.4, 95),
  (42, 5, 'Laboratoire Sabah',             'مخبر الصباح',                   'حي الصباح الجديد',      'عنابة',  'عنابة',         '038810110', 'sabah@lab.dz',         'https://maps.google.com', '07:00 - 16:00', 1, 4.5, 120),
  (43, 5, 'Laboratoire El Mourouj',        'مخبر المروج',                   'حي المروج',             'عنابة',  'عنابة',         '038810111', 'mourouj.lab@lab.dz',   'https://maps.google.com', '07:30 - 16:30', 1, 4.3, 78),
  (44, 5, 'Laboratoire Hay Chaab',         'مخبر حي الشعب',                 'حي الشعب',              'عنابة',  'عنابة',         '038810112', 'haychaab@lab.dz',      'https://maps.google.com', '07:00 - 17:00', 1, 4.6, 158),
  (45, 5, 'Laboratoire El Hana',           'مخبر الهناء',                   'شارع الهناء',           'عنابة',  'عنابة',         '038810113', 'hana.lab@lab.dz',      'https://maps.google.com', '07:00 - 17:00', 1, 4.7, 175),
  (46, 5, 'Laboratoire Hippone',           'مخبر هيبون',                    'طريق بوجديدة',          'عنابة',  'عنابة',         '038810114', 'hippone@lab.dz',       'https://maps.google.com', '07:00 - 18:00', 1, 4.8, 230),
  (47, 5, 'Laboratoire Oued Forcha',       'مخبر واد الفرشة',               'شارع واد الفرشة',       'عنابة',  'عنابة',         '038810115', 'oued.forcha@lab.dz',   'https://maps.google.com', '07:00 - 16:00', 1, 4.4, 90),
  (48, 5, 'Laboratoire El Kherba',         'مخبر الخربة',                   'حي الخربة',             'عنابة',  'الحجار',        '038820101', 'kherba@lab.dz',        'https://maps.google.com', '07:00 - 16:00', 1, 4.3, 65),
  (49, 5, 'Laboratoire Sidi Ammar',        'مخبر سيدي عمار',                'حي سيدي عمار',          'عنابة',  'سيدي عمار',     '038845100', 'sidi.ammar@lab.dz',    'https://maps.google.com', '07:00 - 17:00', 1, 4.5, 108),
  (50, 5, 'Laboratoire El Yasmine',        'مخبر الياسمين',                  'الطريق الوطني',         'عنابة',  'البوني',        '038830101', 'yasmine.lab@lab.dz',   'https://maps.google.com', '07:30 - 17:00', 1, 4.6, 132)
ON DUPLICATE KEY UPDATE name = VALUES(name);

-- ──────────────────────────────────────────────────
-- LAB ANALYSES — add realistic analyses
-- ──────────────────────────────────────────────────
INSERT IGNORE INTO lab_analyses (lab_id, name, name_ar, category, price, preparation_time, description) VALUES
  (10, 'NFS (Numération Formule Sanguine)', 'تعداد الدم الكامل',       'أمراض الدم',       350,  '2 ساعات',   'تحليل شامل لعناصر الدم'),
  (10, 'Glycémie à jeun',                   'سكر الدم الصائم',          'الغدد الصماء',     200,  '1 ساعة',    'قياس نسبة السكر في الدم'),
  (10, 'CRP quantitatif',                   'بروتين سي التفاعلي',       'الالتهابات',       500,  '3 ساعات',   'مؤشر الالتهاب'),
  (10, 'TSH',                               'هرمون الغدة الدرقية',      'الهرمونات',        750,  '4 ساعات',   'تقييم وظيفة الغدة الدرقية'),
  (10, 'Créatinine',                         'الكرياتينين',              'وظائف الكلى',      250,  '2 ساعات',   'قياس وظائف الكلى'),
  (10, 'Bilan hépatique',                   'وظائف الكبد',              'أمراض الكبد',      900,  '4 ساعات',   'تقييم شامل لوظائف الكبد'),
  (10, 'Sérologie COVID-19',                'مصلية كوفيد-19',            'الأمراض المعدية',  600,  '3 ساعات',   'كشف الأجسام المضادة'),
  (10, 'Hémoculture',                        'زرع الدم',                  'الأمراض المعدية', 1200, '48 ساعة',   'كشف العدوى البكتيرية في الدم'),
  (10, 'PCR COVID-19',                      'PCR كورونا',                'الأمراض المعدية', 2500, '24 ساعة',   'تشخيص دقيق لكوفيد-19'),
  (10, 'Bilan lipidique',                   'دهون الدم',                 'القلب والأوعية',   700,  '3 ساعات',   'كوليسترول وثلاثيات الغليسريد'),
  (30, 'NFS',                               'تعداد الدم الكامل',         'أمراض الدم',       320,  '1.5 ساعة',  'تحليل شامل'),
  (30, 'Glycémie HbA1c',                    'هيموغلوبين السكري',         'الغدد الصماء',     800,  '4 ساعات',   'متابعة السكري على 3 أشهر'),
  (30, 'Ionogramme',                         'أملاح الدم',                'وظائف الكلى',      600,  '3 ساعات',   'قياس الأملاح المعدنية'),
  (30, 'Bilan rénal',                        'وظائف الكلى الكاملة',      'وظائف الكلى',      950,  '4 ساعات',   'تقييم شامل'),
  (30, 'Sérologie Hépatite B',              'مصلية التهاب الكبد ب',      'أمراض الكبد',      750,  '3 ساعات',   'كشف فيروس التهاب الكبد ب'),
  (30, 'Sérologie Hépatite C',              'مصلية التهاب الكبد ج',      'أمراض الكبد',      800,  '3 ساعات',   'كشف فيروس التهاب الكبد ج'),
  (30, 'PSA',                               'مستضد البروستاتا النوعي',   'المسالك البولية',   850,  '4 ساعات',   'فحص سرطان البروستاتا'),
  (30, 'ECBU',                               'تحليل البول الجرثومي',      'المسالك البولية',   450,  '48 ساعة',   'فحص عدوى المسالك البولية'),
  (30, 'Sérologie VIH',                     'مصلية الإيدز',              'الأمراض المعدية',  600,  '24 ساعة',   'الكشف عن فيروس نقص المناعة'),
  (30, 'Test de grossesse (Beta HCG)',       'اختبار الحمل',              'النساء والتوليد',   400,  '2 ساعات',   'كشف هرمون الحمل');

-- ──────────────────────────────────────────────────
-- EXTRA DONATIONS — 20+ items
-- ──────────────────────────────────────────────────
INSERT IGNORE INTO donations
  (id, user_id, item_name, item_name_ar, description, category, `condition`, wilaya, city, donor_name, donor_phone, image_url, is_available)
VALUES
  (4,  2, 'Electric Wheelchair',        'كرسي متحرك كهربائي',   'كرسي متحرك كهربائي بحالة ممتازة، نادراً ما استُخدم', 'special_needs', 'good', 'عنابة',    'عنابة',         'محمد الشريف',   '0551000001', NULL, 1),
  (5,  2, 'Hospital Bed',               'سرير مستشفى متحرك',     'سرير طبي قابل للتعديل مع عجلات',                     'special_needs', 'good', 'الطارف',   'الطارف',        'فاطمة بوزيد',   '0551000002', NULL, 1),
  (6,  2, 'Oxygen Concentrator',        'جهاز تركيز الأكسجين',   'جهاز أوكسيجين 5 لتر بحالة جيدة جداً',               'device',        'good', 'قسنطينة',  'قسنطينة',       'يوسف العيد',    '0551000003', NULL, 1),
  (7,  2, 'CPAP Machine',               'جهاز التنفس المساعد',   'جهاز CPAP لمرضى توقف التنفس أثناء النوم',           'device',        'good', 'الجزائر',  'الجزائر العاصمة','آمنة سعد',      '0551000004', NULL, 1),
  (8,  2, 'Blood Glucose Monitor',      'جهاز قياس السكر',        'جهاز قياس السكر مع شرائط',                           'device',        'new',  'وهران',    'وهران',          'خالد حميدي',    '0551000005', NULL, 1),
  (9,  2, 'Blood Pressure Monitor',     'جهاز قياس الضغط',        'جهاز ضغط رقمي أومرون موثوق',                         'device',        'new',  'الطارف',   'بن مهيدي',      'نجاة مالكي',    '0551000006', NULL, 1),
  (10, 2, 'Stethoscope',                'سماعة طبية',              'سماعة طبية Littmann عالية الجودة',                   'device',        'good', 'عنابة',    'عنابة',          'الدكتورة ليلى', '0551000007', NULL, 1),
  (11, 2, 'Wooden Crutches (pair)',      'عكازات خشبية (زوج)',     'عكازات خشبية مقاس متوسط',                            'special_needs', 'good', 'الطارف',   'الكالة',        'عمر بوسنة',     '0551000008', NULL, 1),
  (12, 2, 'Walking Frame',              'إطار المشي',              'مشاية طبية قابلة للطي للمسنين',                      'special_needs', 'good', 'قالمة',    'قالمة',          'رقية زروالي',   '0551000009', NULL, 1),
  (13, 2, 'Nebulizer',                  'جهاز الرذاذ الطبي',       'جهاز بخار للأطفال والكبار مع قناع',                  'device',        'good', 'سكيكدة',   'سكيكدة',         'سليم بوسكين',   '0551000010', NULL, 1),
  (14, 2, 'Hospital Wheelchair',        'كرسي متحرك يدوي',        'كرسي متحرك يدوي قابل للطي',                          'special_needs', 'fair', 'الجزائر',  'باب الوادي',    'حسينة قادري',   '0551000011', NULL, 1),
  (15, 2, 'Hearing Aid',                'سماعة للصم',              'سماعة أذن طبية لفاقدي السمع',                        'special_needs', 'good', 'عنابة',    'عنابة',          'توفيق أمزال',   '0551000012', NULL, 1),
  (16, 2, 'Orthopedic Collar',          'طوق عنق طبي',             'طوق عنق لعلاج آلام الرقبة',                          'special_needs', 'new',  'سوق أهراس','سوق أهراس',     'نوال بن ناصر',  '0551000013', NULL, 1),
  (17, 2, 'Therapy Ball',               'كرة العلاج الطبيعي',     'كرة العلاج الطبيعي 65 سم',                           'special_needs', 'good', 'وهران',    'وهران',          'إلياس مزاري',   '0551000014', NULL, 1),
  (18, 2, 'Compression Stockings',      'جوارب ضغط طبية',          'جوارب ضغط لعلاج الدوالي مقاس L',                    'special_needs', 'new',  'الطارف',   'الطارف',         'سعاد بلاطة',    '0551000015', NULL, 1),
  (19, 2, 'Back Support Belt',          'حزام ظهر طبي',            'حزام دعم قطني للعمال',                               'special_needs', 'good', 'عنابة',    'الحجار',         'كريم بلعابد',   '0551000016', NULL, 1),
  (20, 2, 'Pediatric Walker',           'مشاية أطفال طبية',        'مشاية للأطفال ذوي الإعاقات الحركية',                 'special_needs', 'good', 'قسنطينة',  'قسنطينة',        'نسرين حمادي',   '0551000017', NULL, 1),
  (21, 2, 'Eye Drops Box',              'صندوق قطرات عيون',        'مجموعة قطرات عيون غير مفتوحة',                       'device',        'new',  'الطارف',   'بسباس',          'عبدالقادر شيخ', '0551000018', NULL, 1),
  (22, 2, 'Elderly Care Package',       'صندوق عناية بالمسنين',    'منتجات عناية للمسنين: حفاضات، كريمات، لوازم',        'home_care',     'new',  'عنابة',    'عنابة',          'مريم قاسم',     '0551000019', NULL, 1),
  (23, 2, 'Medical Equipment Pack',     'مستلزمات طبية متنوعة',    'معقمات، قفازات، ضمادات، شاش طبي',                   'device',        'new',  'الجزائر',  'حيدرة',          'بلال حموم',     '0551000020', NULL, 0)
ON DUPLICATE KEY UPDATE item_name = VALUES(item_name);

-- ──────────────────────────────────────────────────
-- PLATFORM STATS — update wilaya count
-- ──────────────────────────────────────────────────
INSERT INTO platform_settings (setting_key, setting_value, setting_type, description)
VALUES ('supported_wilayas', '69', 'integer', 'عدد الولايات المدعومة')
ON DUPLICATE KEY UPDATE setting_value = '69';

-- ──────────────────────────────────────────────────
-- MED REPS — ensure demo user has rep profile
-- ──────────────────────────────────────────────────
INSERT IGNORE INTO med_reps (user_id, company_name, region, email, phone)
SELECT id, 'BioSanté Algeria', 'الشرق الجزائري', 'medrep@shifaa.dz', '0555000011'
FROM users WHERE email = 'medrep@shifaa.dz' LIMIT 1;
